<?xml version="1.0" encoding="utf-8" standalone="yes"?>
<rss version="2.0" xmlns:atom="http://www.w3.org/2005/Atom">
  <channel>
    <title>Фотошкола в Ростове. Индивидуальное обучение</title>
    <link>http://localhost:64555/</link>
    <description>Recent content on Фотошкола в Ростове. Индивидуальное обучение</description>
    <generator>Hugo</generator>
    <language>ru</language>
    <atom:link href="http://localhost:64555/index.xml" rel="self" type="application/rss+xml" />
    <item>
      <title>Выдающиеся фотографы современности</title>
      <link>http://localhost:64555/invisibility/</link>
      <pubDate>Mon, 01 Jan 0001 00:00:00 +0000</pubDate>
      <guid>http://localhost:64555/invisibility/</guid>
      <description>&lt;h2 id=&#34;насмотренность--важнейший-опыт-для-фотографа&#34;&gt;Насмотренность ─ важнейший опыт для фотографа&lt;/h2&gt;&#xA;&lt;p&gt;Эта страница поможет познакомиться с работами выдающихся фотографов. Список составлен на основании мнения коллективных экспертов, таких как издательства TASCHEN и teNeues, Агентство MAGNUM, МАММ(Мультимедиа Арт Музей, Москва») и некоторых других авторитетных источников.&lt;br&gt;&#xA;Таким образом, мы постарались исключить субъективность от собственных предпочтений, насколько это возможно.&lt;br&gt;&#xA;&lt;em&gt;Может быть, поздней список расширится за счет тех мастеров, чье творчество интересует специалистов фотошколы, но в этом случае, мы обязательно будем оставлять соответсвующие комментарии.&lt;/em&gt;&lt;br&gt;&#xA;&lt;strong&gt;Изучение выдающихся работ для формирования визуального опыта ─ цель, которую мы ставим перед студентами.&lt;/strong&gt;&lt;br&gt;&#xA;&lt;em&gt;На странице умышленно представлен только необходимый минимум информации, так как развитие насмотренности требует умственного напряжения и работы, к которым мы относим поиск информации&lt;/em&gt;&lt;/p&gt;</description>
    </item>
    <item>
      <title>Интерьерная фотография. Технология съемки и обработки</title>
      <link>http://localhost:64555/interiorphoto/</link>
      <pubDate>Mon, 01 Jan 0001 00:00:00 +0000</pubDate>
      <guid>http://localhost:64555/interiorphoto/</guid>
      <description>&lt;p&gt;&lt;em&gt;Продолжительность лекционной части - 4 часа. Стоимость - 10000 рублей.&lt;/em&gt;&lt;/p&gt;&#xA;&lt;hr&gt;&#xA;&lt;p&gt;Фотографии интерьеров помещений ─ один из наиболее востребованных технических жанров фотографии.&lt;br&gt;&#xA;Задача, стоящая перед фотографом, заключается в том, чтобы наиболее правдоподобно и естестественно показать объем пространства помещения.&lt;br&gt;&#xA;В данном разделе рассматриваются вопросы использование специального оборудования: широкоугольной оптики и панорамных головок.&lt;br&gt;&#xA;Обсудим вопросы обработки фотографий с исправлением перспективных искажений и использованием брекетинга экспозиции и технологии HDRI.&lt;/p&gt;&#xA;&lt;p&gt;&lt;strong&gt;&lt;a href=&#34;http://localhost:64555/training&#34;&gt;Вернуться&amp;hellip;&lt;/a&gt;&lt;/strong&gt;&lt;/p&gt;&#xA;&lt;hr&gt;&#xA;&lt;picture&gt;&#xD;&#xA;    &lt;source&#xD;&#xA;        srcset=&#34;http://localhost:64555/images/IMG_0550_1_2_3_4%20Panorama_hu13336558547721557389.webp 360w,&#xD;&#xA; http://localhost:64555/images/IMG_0550_1_2_3_4%20Panorama_hu7571042516833628762.webp 640w,&#xD;&#xA; http://localhost:64555/images/IMG_0550_1_2_3_4%20Panorama_hu16881617687840378989.webp 960w,&#xD;&#xA; http://localhost:64555/images/IMG_0550_1_2_3_4%20Panorama_hu13709403559473493530.webp 1280w,&#xD;&#xA; http://localhost:64555/images/IMG_0550_1_2_3_4%20Panorama_hu14410831396257832026.webp 1600w&#xD;&#xA; &#34;&#xD;&#xA;        &#xD;&#xA;    &gt;    &#xD;&#xA;    &lt;img&#xD;&#xA;        src=&#34;http://localhost:64555/images/IMG_0550_1_2_3_4%20Panorama_hu6136897983525619176.jpg&#34;&#xD;&#xA;        &#xD;&#xA;        &#xD;&#xA;        alt=&#34;J[Охотничий зал. Интерьерная фотография]&#34;&#xD;&#xA;        loading=&#34;lazy&#34;&#xD;&#xA;        decoding=&#34;async&#34;&#xD;&#xA;    &gt;&#xD;&#xA;&lt;/picture&gt;&#xA;&lt;hr&gt;</description>
    </item>
    <item>
      <title>Как устроено обучение в фотошколе</title>
      <link>http://localhost:64555/training/</link>
      <pubDate>Mon, 01 Jan 0001 00:00:00 +0000</pubDate>
      <guid>http://localhost:64555/training/</guid>
      <description>&lt;p&gt;Мы специализируемся на индивидуальном обучении. Наш опыт и опыт других школ показывает, что такой подход почти всегда обеспечивает более качественный результат.&lt;/p&gt;&#xA;&lt;h2 id=&#34;в-чем-преимущество-индивидуального-обучения&#34;&gt;В чем преимущество индивидуального обучения?&lt;/h2&gt;&#xA;&lt;p&gt;Известная проблема возникает на этапе формирования учебной группы, она связана с тем, что уровни подготовки учащихся в конкретной группе, чаще всего, сильно отличаются.&#xA;Эту проблему можно решить с помощью индивидуального обучения, но это, обычно влечет за собой ощутимый рост стоимости курса&amp;hellip;&lt;/p&gt;&#xA;&lt;h3 id=&#34;эту-проблему-нам-удалось-решить&#34;&gt;Эту проблему нам удалось решить&lt;/h3&gt;&#xA;&lt;p&gt;Учебный курс состоит из модулей, каждый модуль включает лекционную (теоретическую) часть и практические задания. Прослушав лекцию, студент выполняет практические задания, преподаватель анализирует результаты и дает рекомендации.&lt;/p&gt;</description>
    </item>
    <item>
      <title>Краткая информация об авторе курса</title>
      <link>http://localhost:64555/aboutauthor/</link>
      <pubDate>Mon, 01 Jan 0001 00:00:00 +0000</pubDate>
      <guid>http://localhost:64555/aboutauthor/</guid>
      <description>&lt;h2 id=&#34;юрий-гуревич&#34;&gt;Юрий Гуревич&lt;/h2&gt;&#xA;&lt;hr&gt;&#xA;&lt;p&gt;&lt;strong&gt;Фотограф, с более чем двадцатилетним стажем. Работает в жанрах &amp;ldquo;Портрет&amp;rdquo;, &amp;ldquo;Интерьерная съемка&amp;rdquo;, &amp;ldquo;Архитектурная съемка&amp;rdquo;, &amp;ldquo;Предметная съемка&amp;rdquo;, &amp;ldquo;Репортаж&amp;rdquo;, &amp;ldquo;Панорамная съемка&amp;rdquo;.&lt;br&gt;&#xA;Пятым в России получил сертификацию Google в проекте Street View.&lt;br&gt;&#xA;Ведет активную методическую работу. Автор курса фотографии.&lt;br&gt;&#xA;Управляющий партнер в фотографическом агентстве &amp;ldquo;GurFoto.Ru&amp;rdquo;.&lt;/strong&gt;&lt;/p&gt;&#xA;&lt;p&gt;&lt;strong&gt;Сфера творческих интересов &amp;ldquo;Портрет&amp;rdquo; и &amp;ldquo;Street&amp;rdquo;.&lt;/strong&gt;&lt;/p&gt;&#xA;&lt;hr&gt;&#xA;&lt;p&gt;&lt;strong&gt;&lt;a href=&#34;http://localhost:64555/&#34;&gt;Вернуться&amp;hellip;&lt;/a&gt;&lt;/strong&gt;&lt;/p&gt;&#xA;&lt;hr&gt;&#xA;&lt;picture&gt;&#xD;&#xA;    &lt;source&#xD;&#xA;        srcset=&#34;http://localhost:64555/images/1B7W0023_hu7988900896040186520.webp 360w,&#xD;&#xA; http://localhost:64555/images/1B7W0023_hu3815912199618187248.webp 640w,&#xD;&#xA; http://localhost:64555/images/1B7W0023_hu6085589776590875064.webp 960w,&#xD;&#xA; http://localhost:64555/images/1B7W0023_hu2345472915086009865.webp 1280w,&#xD;&#xA; http://localhost:64555/images/1B7W0023_hu4802105763203657198.webp 1600w&#xD;&#xA; &#34;&#xD;&#xA;        &#xD;&#xA;    &gt;    &#xD;&#xA;    &lt;img&#xD;&#xA;        src=&#34;http://localhost:64555/images/1B7W0023_hu16636013725643739454.jpg&#34;&#xD;&#xA;        &#xD;&#xA;        &#xD;&#xA;        alt=&#34;Портрет Юрия Гуревича&#34;&#xD;&#xA;        loading=&#34;lazy&#34;&#xD;&#xA;        decoding=&#34;async&#34;&#xD;&#xA;    &gt;&#xD;&#xA;&lt;/picture&gt;&#xA;&lt;hr&gt;</description>
    </item>
    <item>
      <title>Мобильная фотография. Использование смартофонов для фотосъемки</title>
      <link>http://localhost:64555/mobilephoto/</link>
      <pubDate>Mon, 01 Jan 0001 00:00:00 +0000</pubDate>
      <guid>http://localhost:64555/mobilephoto/</guid>
      <description>&lt;p&gt;&lt;em&gt;Продолжительность лекционной части - 2 часа. Стоимость - 5000 рублей.&lt;/em&gt;&lt;/p&gt;&#xA;&lt;hr&gt;&#xA;&lt;p&gt;Смартфон уже прочно завоевал место среди других инструментов профессионального фотографа.&lt;br&gt;&#xA;Обсудим в этом разделе, как эффективно использовать смартфон.&lt;/p&gt;&#xA;&lt;p&gt;&lt;strong&gt;&lt;a href=&#34;http://localhost:64555/training&#34;&gt;Вернуться&amp;hellip;&lt;/a&gt;&lt;/strong&gt;&lt;/p&gt;&#xA;&lt;hr&gt;&#xA;&lt;picture&gt;&#xD;&#xA;    &lt;source&#xD;&#xA;        srcset=&#34;http://localhost:64555/images/1-13_hu1833168005554752483.webp 360w,&#xD;&#xA; http://localhost:64555/images/1-13_hu1767044807091477701.webp 640w,&#xD;&#xA; http://localhost:64555/images/1-13_hu5352868896507795653.webp 960w,&#xD;&#xA; http://localhost:64555/images/1-13_hu3184304001152632393.webp 1280w,&#xD;&#xA; http://localhost:64555/images/1-13_hu5561646544115696398.webp 1600w&#xD;&#xA; &#34;&#xD;&#xA;        &#xD;&#xA;    &gt;    &#xD;&#xA;    &lt;img&#xD;&#xA;        src=&#34;http://localhost:64555/images/1-13_hu14837113508125252918.jpg&#34;&#xD;&#xA;        &#xD;&#xA;        &#xD;&#xA;        alt=&#34;Вид на Пражский Град на экране смартфона&#34;&#xD;&#xA;        loading=&#34;lazy&#34;&#xD;&#xA;        decoding=&#34;async&#34;&#xD;&#xA;    &gt;&#xD;&#xA;&lt;/picture&gt;&#xA;&lt;hr&gt;</description>
    </item>
    <item>
      <title>Основы цветокоррекции и ретуши</title>
      <link>http://localhost:64555/imgeditor/</link>
      <pubDate>Mon, 01 Jan 0001 00:00:00 +0000</pubDate>
      <guid>http://localhost:64555/imgeditor/</guid>
      <description>&lt;p&gt;&lt;strong&gt;Продолжительность лекционной части - 4 часа. Стоимость - 8000 рублей.&lt;/strong&gt; &lt;br&gt;&#xA;&lt;em&gt;Время изучения данной темы, обычно составляет 1 неделю.&lt;/em&gt;&lt;/p&gt;&#xA;&lt;hr&gt;&#xA;&lt;p&gt;В этом разделе мы научимся использовать самые простые приемы цветокоррекции и ретуши на примере Adobe Photoshop и Adobe Camera RAW (ACR).&lt;/p&gt;&#xA;&lt;p&gt;Этот раздел включает обзорное знакоство с основными инструментами и сущностями графического редактора Photoshop.&lt;/p&gt;&#xA;&lt;p&gt;&lt;em&gt;Этот учебный модуль не является полноценным пособием по ретуши и фотокоррекции. Цель состоит в выработке начальных навыков использования графического редактора для обработки фотографий.&lt;/em&gt;&lt;/p&gt;</description>
    </item>
    <item>
      <title>Панорамная съемка. Создание сферических панорам</title>
      <link>http://localhost:64555/pano/</link>
      <pubDate>Mon, 01 Jan 0001 00:00:00 +0000</pubDate>
      <guid>http://localhost:64555/pano/</guid>
      <description>&lt;p&gt;&lt;em&gt;Продолжительность лекционной части - 4 часа. Стоимость - 10000 рублей.&lt;/em&gt;&lt;/p&gt;&#xA;&lt;hr&gt;&#xA;&lt;p&gt;Обсудим вопросы создания сферических панорам: съемку, обработку HDRI и окончательную сборку панорам. Обсудим специальное программное обеспечение, без которого создание панорам затруднительно.&lt;/p&gt;&#xA;&lt;p&gt;Рассмотрим создание и программирование виртуальных туров на основе сферических панорам.&lt;/p&gt;&#xA;&lt;p&gt;&lt;strong&gt;&lt;a href=&#34;http://localhost:64555/training&#34;&gt;Вернуться&amp;hellip;&lt;/a&gt;&lt;/strong&gt;&lt;/p&gt;&#xA;&lt;hr&gt;&#xA;&lt;picture&gt;&#xD;&#xA;    &lt;source&#xD;&#xA;        srcset=&#34;http://localhost:64555/images/IMG_3694_5_6_Interior%20Panorama_hu13668574503196380793.webp 360w,&#xD;&#xA; http://localhost:64555/images/IMG_3694_5_6_Interior%20Panorama_hu11861460425936441462.webp 640w,&#xD;&#xA; http://localhost:64555/images/IMG_3694_5_6_Interior%20Panorama_hu10440141085961943548.webp 960w,&#xD;&#xA; http://localhost:64555/images/IMG_3694_5_6_Interior%20Panorama_hu4360122531039428857.webp 1280w,&#xD;&#xA; http://localhost:64555/images/IMG_3694_5_6_Interior%20Panorama_hu11564059785469122262.webp 1600w&#xD;&#xA; &#34;&#xD;&#xA;        &#xD;&#xA;    &gt;    &#xD;&#xA;    &lt;img&#xD;&#xA;        src=&#34;http://localhost:64555/images/IMG_3694_5_6_Interior%20Panorama_hu6407656365678924734.jpg&#34;&#xD;&#xA;        &#xD;&#xA;        &#xD;&#xA;        alt=&#34;Эквидистантная проекция фитнес-зала&#34;&#xD;&#xA;        loading=&#34;lazy&#34;&#xD;&#xA;        decoding=&#34;async&#34;&#xD;&#xA;    &gt;&#xD;&#xA;&lt;/picture&gt;&#xA;&lt;hr&gt;</description>
    </item>
    <item>
      <title>Позирование с точки зрения фотографа</title>
      <link>http://localhost:64555/posing/</link>
      <pubDate>Mon, 01 Jan 0001 00:00:00 +0000</pubDate>
      <guid>http://localhost:64555/posing/</guid>
      <description>&lt;p&gt;&lt;em&gt;Продолжительность лекционной части - 2 часа. Стоимость - 5000 рублей.&lt;/em&gt;&lt;/p&gt;&#xA;&lt;hr&gt;&#xA;&lt;p&gt;Взгляд фотографа на позирование несколько отличается от того, что под этим обычно понимают те, кто с фотографией не связан. Фотограф рассматривает позы в связке с ракурсом, который он предполагает, кроме того, фотограф учитывает освещение и светотеневой рисунок, который оно создает.&#xA;Поэтому изучать материал данного модуля следует только после знакомства с темой &amp;ldquo;Построение кадра и начала композиции&amp;rdquo;.&lt;/p&gt;&#xA;&lt;p&gt;&lt;strong&gt;&lt;a href=&#34;http://localhost:64555/training&#34;&gt;Вернуться&amp;hellip;&lt;/a&gt;&lt;/strong&gt;&lt;/p&gt;&#xA;&lt;hr&gt;&#xA;&lt;picture&gt;&#xD;&#xA;    &lt;source&#xD;&#xA;        srcset=&#34;http://localhost:64555/images/IMG_0375-5_hu6114839808243344562.webp 360w,&#xD;&#xA; http://localhost:64555/images/IMG_0375-5_hu3370509039665831325.webp 640w,&#xD;&#xA; http://localhost:64555/images/IMG_0375-5_hu10050919536516563146.webp 960w,&#xD;&#xA; http://localhost:64555/images/IMG_0375-5_hu1578031684584792618.webp 1280w,&#xD;&#xA; http://localhost:64555/images/IMG_0375-5_hu17046845107143291078.webp 1600w&#xD;&#xA; &#34;&#xD;&#xA;        &#xD;&#xA;    &gt;    &#xD;&#xA;    &lt;img&#xD;&#xA;        src=&#34;http://localhost:64555/images/IMG_0375-5_hu8014193281127273171.jpg&#34;&#xD;&#xA;        &#xD;&#xA;        &#xD;&#xA;        alt=&#34;Артист балета. Студийная фотография&#34;&#xD;&#xA;        loading=&#34;lazy&#34;&#xD;&#xA;        decoding=&#34;async&#34;&#xD;&#xA;    &gt;&#xD;&#xA;&lt;/picture&gt;&#xA;&lt;hr&gt;</description>
    </item>
    <item>
      <title>Построение кадра и начала композиции</title>
      <link>http://localhost:64555/composition/</link>
      <pubDate>Mon, 01 Jan 0001 00:00:00 +0000</pubDate>
      <guid>http://localhost:64555/composition/</guid>
      <description>&lt;p&gt;&lt;strong&gt;Продолжительность лекционной части - 6 часов. Стоимость - 15000 рублей.&lt;/strong&gt; &lt;br&gt;&#xA;&lt;em&gt;Время изучения данной темы, обычно составляет 2-4 недели.&lt;/em&gt;&lt;/p&gt;&#xA;&lt;hr&gt;&#xA;&lt;p&gt;В этом разделе рассмотрим самые важные вопросы, касающиеся создания эффектных фотографий:&lt;/p&gt;&#xA;&lt;ul&gt;&#xA;&lt;li&gt;специфика восприятия изображения человеком&lt;/li&gt;&#xA;&lt;li&gt;перспектива. Создание иллюзии объема на плоскости&lt;/li&gt;&#xA;&lt;li&gt;элементы изображения. Тональные зоны, линии, границы изображения&lt;/li&gt;&#xA;&lt;li&gt;взаимодествие элементов изображения между собой. Баланс элементов внутри &amp;ldquo;картинной плоскости&amp;rdquo;&lt;/li&gt;&#xA;&lt;li&gt;идея, как продукт взаимодействие смысловой и визуальной сущностей фотографии&lt;/li&gt;&#xA;&lt;/ul&gt;&#xA;&lt;p&gt;&lt;strong&gt;&lt;em&gt;Мы обсудим то, как создать гармонию идеи и ее визуальной реализации, это непростая задача, но без ее решения не бывает успешной фотографии.&lt;/em&gt;&lt;/strong&gt;&lt;/p&gt;</description>
    </item>
    <item>
      <title>Предметная фотография. Макросъемка</title>
      <link>http://localhost:64555/objectphoto/</link>
      <pubDate>Mon, 01 Jan 0001 00:00:00 +0000</pubDate>
      <guid>http://localhost:64555/objectphoto/</guid>
      <description>&lt;p&gt;&lt;em&gt;Продолжительность лекционной части - 4 часа. Стоимость - 10000 рублей.&lt;/em&gt;&lt;/p&gt;&#xA;&lt;hr&gt;&#xA;&lt;p&gt;Рассмотрим как эффектно фотографировать предметы, как создавать композиции для рекламы, как фотографировать контент для маркетплейсов с использованием циклорамы и фонов.&lt;br&gt;&#xA;Обзорно рассмотрим вопросы food-фотографии.&lt;br&gt;&#xA;Уделим внимание макросъемке, рассмотрим особенности использования специальной оптики и научимся использовать технологию &amp;ldquo;focus stacking&amp;rdquo;&lt;/p&gt;&#xA;&lt;p&gt;&lt;strong&gt;&lt;a href=&#34;http://localhost:64555/training&#34;&gt;Вернуться&amp;hellip;&lt;/a&gt;&lt;/strong&gt;&lt;/p&gt;&#xA;&lt;hr&gt;&#xA;&lt;picture&gt;&#xD;&#xA;    &lt;source&#xD;&#xA;        srcset=&#34;http://localhost:64555/images/IMG_0030101j_hu8925771746724386965.webp 360w,&#xD;&#xA; http://localhost:64555/images/IMG_0030101j_hu10132240124701509163.webp 640w,&#xD;&#xA; http://localhost:64555/images/IMG_0030101j_hu6181313076069095875.webp 960w,&#xD;&#xA; http://localhost:64555/images/IMG_0030101j_hu7476095661134993850.webp 1280w,&#xD;&#xA; http://localhost:64555/images/IMG_0030101j_hu13441175373044629165.webp 1600w&#xD;&#xA; &#34;&#xD;&#xA;        &#xD;&#xA;    &gt;    &#xD;&#xA;    &lt;img&#xD;&#xA;        src=&#34;http://localhost:64555/images/IMG_0030101j_hu14096416589851314045.jpg&#34;&#xD;&#xA;        &#xD;&#xA;        &#xD;&#xA;        alt=&#34;Ягоды черешни. Макрофотография&#34;&#xD;&#xA;        loading=&#34;lazy&#34;&#xD;&#xA;        decoding=&#34;async&#34;&#xD;&#xA;    &gt;&#xD;&#xA;&lt;/picture&gt;&#xA;&lt;hr&gt;</description>
    </item>
    <item>
      <title>Принципы фотографии и техника съемки</title>
      <link>http://localhost:64555/technic/</link>
      <pubDate>Mon, 01 Jan 0001 00:00:00 +0000</pubDate>
      <guid>http://localhost:64555/technic/</guid>
      <description>&lt;p&gt;&lt;strong&gt;Продолжительность лекционной части - 4 часа. Стоимость - 8000 рублей.&lt;/strong&gt; &lt;br&gt;&#xA;&lt;em&gt;Время изучения данной темы, обычно составляет 1-2 недели.&lt;/em&gt;&lt;/p&gt;&#xA;&lt;hr&gt;&#xA;&lt;p&gt;Мы рассмотрим вопросы экспозиции и ее параметров, режимы замера экспозиции, методы ее оценки и коррекции.&#xA;Особенности фотографической оптики, режимы работы автофокуса фотокамеры, свойства света, моделирование светотеневой картины и другие важные технические моменты.&lt;/p&gt;&#xA;&lt;p&gt;Здесь, мы научимся использовать фотокамеру, таким образом, чтобы получать технически качественные изображения&amp;hellip;&lt;/p&gt;&#xA;&lt;p&gt;Эти знания часто принимают за базовую основу знаний фотографа, но это не так.&#xA;Раздел о технике фотосъемки необходим, как технический базис, но его совершенно недостаточно, чтобы стать фотографом.&lt;/p&gt;</description>
    </item>
    <item>
      <title>Свяжитесь для получения полной информации</title>
      <link>http://localhost:64555/contact/</link>
      <pubDate>Mon, 01 Jan 0001 00:00:00 +0000</pubDate>
      <guid>http://localhost:64555/contact/</guid>
      <description>&lt;h2 id=&#34;фотошкола-в-ростове&#34;&gt;Фотошкола в Ростове&lt;/h2&gt;&#xA;&lt;p&gt;&lt;strong&gt;Проект фотографического проекта GurFoto.Ru&lt;/strong&gt;&lt;/p&gt;&#xA;&lt;hr&gt;&#xA;&lt;p&gt;С нами можно связаться по телефону &lt;strong&gt;+7 919 874 20 24 (голос/WhatsApp)&lt;/strong&gt;&lt;br&gt;&#xA;Вы можете отправить нам письмо &lt;strong&gt;e-mail:gurfoto@gmail.com&lt;/strong&gt;&lt;/p&gt;&#xA;&lt;p&gt;&lt;strong&gt;&lt;a href=&#34;http://localhost:64555/&#34;&gt;Вернуться&amp;hellip;&lt;/a&gt;&lt;/strong&gt;&lt;/p&gt;&#xA;&lt;hr&gt;&#xA;&lt;picture&gt;&#xD;&#xA;    &lt;source&#xD;&#xA;        srcset=&#34;http://localhost:64555/images/IMG_1514_hu1055280900676723367.webp 360w,&#xD;&#xA; http://localhost:64555/images/IMG_1514_hu15268662838408416168.webp 640w,&#xD;&#xA; http://localhost:64555/images/IMG_1514_hu1269254802322230364.webp 960w,&#xD;&#xA; http://localhost:64555/images/IMG_1514_hu10309705859542242129.webp 1280w,&#xD;&#xA; http://localhost:64555/images/IMG_1514_hu5361978237936995511.webp 1600w&#xD;&#xA; &#34;&#xD;&#xA;        &#xD;&#xA;    &gt;    &#xD;&#xA;    &lt;img&#xD;&#xA;        src=&#34;http://localhost:64555/images/IMG_1514_hu14562454276012055303.jpg&#34;&#xD;&#xA;        &#xD;&#xA;        &#xD;&#xA;        alt=&#34;Вид на Пражский Град на экране смартфона&#34;&#xD;&#xA;        loading=&#34;lazy&#34;&#xD;&#xA;        decoding=&#34;async&#34;&#xD;&#xA;    &gt;&#xD;&#xA;&lt;/picture&gt;&#xA;&lt;hr&gt;</description>
    </item>
    <item>
      <title>Студийная съемка</title>
      <link>http://localhost:64555/photostudio/</link>
      <pubDate>Mon, 01 Jan 0001 00:00:00 +0000</pubDate>
      <guid>http://localhost:64555/photostudio/</guid>
      <description>&lt;p&gt;&lt;strong&gt;Продолжительность лекционной части - 6 часов. Стоимость - 12000 рублей.&lt;/strong&gt; &lt;br&gt;&#xA;&lt;em&gt;Время изучения данной темы, обычно составляет от 2 до 4 недель.&lt;/em&gt;&lt;/p&gt;&#xA;&lt;hr&gt;&#xA;&lt;p&gt;Вопросы, которые рассматриваются в данном разделе:&lt;/p&gt;&#xA;&lt;ul&gt;&#xA;&lt;li&gt;рассматриваем как использовать импульсные источники света&lt;/li&gt;&#xA;&lt;li&gt;выясняем как различные светомодификаторы меняют характер падающего света&lt;/li&gt;&#xA;&lt;li&gt;исследуем вопросы формирования светотеневой картины&lt;/li&gt;&#xA;&lt;li&gt;обсуждаем элементарные световые схемы, использующие один активный источник&lt;/li&gt;&#xA;&lt;li&gt;поработаем над использованием нескольких источников света&lt;/li&gt;&#xA;&lt;li&gt;поговорим о рассеивателях и отражателях&lt;/li&gt;&#xA;&lt;/ul&gt;&#xA;&lt;p&gt;*&lt;em&gt;Занятия проводятся в фотостудии, стоимость ее аренды не входит в оплату, как и оплата работы модели, если это потребуется.&lt;br&gt;&#xA;В случае, если потребуется дополнительное время (сверх установленных 6 часов) присутствия преподавателя в студии, оплата составляет 2000 рублей за 2 часа.&lt;/em&gt;&lt;/p&gt;</description>
    </item>
    <item>
      <title>Фотосъемка в естественном свете</title>
      <link>http://localhost:64555/plener/</link>
      <pubDate>Mon, 01 Jan 0001 00:00:00 +0000</pubDate>
      <guid>http://localhost:64555/plener/</guid>
      <description>&lt;p&gt;&lt;strong&gt;Продолжительность лекционной части - 4 часа. Стоимость - 10000 рублей.&lt;/strong&gt; &lt;br&gt;&#xA;&lt;em&gt;Время изучения данной темы, обычно составляет от 2 недель.&lt;/em&gt;&lt;/p&gt;&#xA;&lt;hr&gt;&#xA;&lt;p&gt;Рассматриваем вопросы использования естественного освещения в различных условиях. Обсудим специфические особенности съемки&lt;/p&gt;&#xA;&lt;ul&gt;&#xA;&lt;li&gt;в &amp;ldquo;режимное время&amp;rdquo;&lt;/li&gt;&#xA;&lt;li&gt;под прямыми лучами солнца, находящегося высоко над горизонтом&lt;/li&gt;&#xA;&lt;li&gt;в условиях пасмурной погоды&lt;/li&gt;&#xA;&lt;li&gt;учимся использовать отражатели.&lt;/li&gt;&#xA;&lt;/ul&gt;&#xA;&lt;p&gt;&lt;strong&gt;&lt;em&gt;Съемка при естественном освещении ─ самая распространенная в практике начинающего фотографа, поэтому ее изучению стоит уделить достаточное время.&lt;/em&gt;&lt;/strong&gt;&lt;/p&gt;&#xA;&lt;p&gt;&lt;strong&gt;&lt;a href=&#34;http://localhost:64555/training&#34;&gt;Вернуться&amp;hellip;&lt;/a&gt;&lt;/strong&gt;&lt;/p&gt;&#xA;&lt;hr&gt;&#xA;&lt;picture&gt;&#xD;&#xA;    &lt;source&#xD;&#xA;        srcset=&#34;http://localhost:64555/images/1B7W9956_hu10403280184111457550.webp 360w,&#xD;&#xA; http://localhost:64555/images/1B7W9956_hu193399722369832923.webp 640w,&#xD;&#xA; http://localhost:64555/images/1B7W9956_hu12525753544742344325.webp 960w,&#xD;&#xA; http://localhost:64555/images/1B7W9956_hu18330835320869697537.webp 1280w,&#xD;&#xA; http://localhost:64555/images/1B7W9956_hu3713109071070404895.webp 1600w&#xD;&#xA; &#34;&#xD;&#xA;        &#xD;&#xA;    &gt;    &#xD;&#xA;    &lt;img&#xD;&#xA;        src=&#34;http://localhost:64555/images/1B7W9956_hu10006730274342969558.jpg&#34;&#xD;&#xA;        &#xD;&#xA;        &#xD;&#xA;        alt=&#34;Молодой человек с доской для серфинга&#34;&#xD;&#xA;        loading=&#34;lazy&#34;&#xD;&#xA;        decoding=&#34;async&#34;&#xD;&#xA;    &gt;&#xD;&#xA;&lt;/picture&gt;&#xA;&lt;hr&gt;</description>
    </item>
  </channel>
</rss>
