<?xml version="1.0" encoding="utf-8" standalone="yes"?>
<rss version="2.0" xmlns:atom="http://www.w3.org/2005/Atom">
  <channel>
    <title>Tags on Фотошкола в Ростове. Индивидуальное обучение</title>
    <link>https://school.gurfoto.ru/tags/</link>
    <description>Recent content in Tags on Фотошкола в Ростове. Индивидуальное обучение</description>
    <generator>Hugo</generator>
    <language>ru</language>
    <atom:link href="https://school.gurfoto.ru/tags/index.xml" rel="self" type="application/rss+xml" />
  </channel>
</rss>
