<?xml version="1.0" encoding="utf-8" standalone="yes"?>
<rss version="2.0" xmlns:atom="http://www.w3.org/2005/Atom">
  <channel>
    <title>Categories on Фотошкола в Ростове. Индивидуальное обучение</title>
    <link>http://localhost:64555/categories/</link>
    <description>Recent content in Categories on Фотошкола в Ростове. Индивидуальное обучение</description>
    <generator>Hugo</generator>
    <language>ru</language>
    <atom:link href="http://localhost:64555/categories/index.xml" rel="self" type="application/rss+xml" />
  </channel>
</rss>
